{"cameraMode":{"drawMode":0,"name":"Shaded","section":"Shading Mode"},"sceneLighting":false,"audioPlay":false,"sceneViewState":{"m_AlwaysRefresh":false,"showFog":true,"showSkybox":false,"showFlares":true,"showImageEffects":true,"showParticleSystems":true,"showVisualEffectGraphs":true,"m_FxEnabled":true},"in2DMode":false,"pivot":{"x":-0.02878284454345703,"y":-0.6450457572937012,"z":2.5933189392089845},"rotation":{"x":0.01904910057783127,"y":0.9564417600631714,"z":-0.284271240234375,"w":0.06433244049549103},"size":6.920539379119873,"orthographic":false}