{"cameraMode":{"drawMode":0,"name":"Shaded","section":"Shading Mode"},"sceneLighting":false,"audioPlay":false,"sceneViewState":{"m_AlwaysRefresh":false,"showFog":true,"showSkybox":false,"showFlares":true,"showImageEffects":true,"showParticleSystems":true,"showVisualEffectGraphs":true,"m_FxEnabled":true},"in2DMode":false,"pivot":{"x":-1.1627912521362305,"y":-0.08575877547264099,"z":0.27288514375686648},"rotation":{"x":-0.053424324840307239,"y":0.7208907604217529,"z":-0.05589902028441429,"w":-0.688778281211853},"size":0.9637187719345093,"orthographic":false}