{"cameraMode":{"drawMode":0,"name":"Shaded","section":"Shading Mode"},"sceneLighting":false,"audioPlay":false,"sceneViewState":{"m_AlwaysRefresh":false,"showFog":true,"showSkybox":false,"showFlares":true,"showImageEffects":true,"showParticleSystems":true,"showVisualEffectGraphs":true,"m_FxEnabled":true},"in2DMode":false,"pivot":{"x":11.318302154541016,"y":24.885581970214845,"z":-31.747007369995118},"rotation":{"x":-0.17620044946670533,"y":-0.19801566004753114,"z":0.03655678406357765,"w":-0.9637051820755005},"size":6.376317024230957,"orthographic":false}