{"cameraMode":{"drawMode":0,"name":"Shaded","section":"Shading Mode"},"sceneLighting":true,"audioPlay":false,"sceneViewState":{"m_AlwaysRefresh":false,"showFog":true,"showSkybox":true,"showFlares":true,"showImageEffects":true,"showParticleSystems":true,"showVisualEffectGraphs":true,"m_FxEnabled":false},"in2DMode":false,"pivot":{"x":-29.10940933227539,"y":2.058687686920166,"z":-5.450573921203613},"rotation":{"x":-0.0026117824018001558,"y":-0.4965343475341797,"z":0.0014946789015084506,"w":-0.8680141568183899},"size":0.00001706520743027795,"orthographic":false}